Precision@10,Recall@10,NDCG@10
0.1254,0.6618655525030526,0.6321452644973897
