k,RMSE,MAE
10,0.9555571462911499,0.7234960670862615
20,0.9501930570412866,0.7187575001229558
40,0.9493239934285277,0.7180010373742499
60,0.9492824420118973,0.7179561525007127
80,0.9492761706565653,0.7179544158353377
