d,RMSE,MAE
10,0.9002226130575397,0.6899426757563291
20,0.9035668866773594,0.6926554486666491
50,0.911567573281836,0.6992868310105036
100,0.9154833822585153,0.7032442691114279
150,0.9210395851882708,0.7088384975368726
200,0.9222606282444128,0.7102075449718258
