lambda,RMSE,MAE
0.001,0.9198965994776692,0.7046869290639822
0.005,0.912651841718945,0.6994234490343016
0.01,0.9072064364387719,0.6947765200613908
0.02,0.9001712168403867,0.6895709710307348
0.05,0.894590659656109,0.6857192523295937
0.1,0.8939320495160409,0.6856956889180452
0.2,0.8956190608518517,0.688239212482056
