Precision@10,Recall@10,NDCG@10
0.12480000000000001,0.6620609126984127,0.6292391588225408
